{"train/global_step":78,"train_steps_per_second":0.009,"_timestamp":1.7521969369277556e+09,"train/epoch":0.9936305732484076,"train_samples_per_second":0.288,"train/rewards/chosen":0.03100939840078354,"train/logps/rejected":-0.6169896125793457,"total_flos":0,"_wandb":{"runtime":8723},"train/rewards/accuracies":0.75,"train/loss":0.6922,"train/logits/rejected":-1.1758309602737427,"_step":78,"train/grad_norm":0.001862227451056242,"_runtime":8723,"train_loss":0.6923778179364327,"train_runtime":8723.428,"train/rewards/margins":0.013017797842621803,"train/learning_rate":0.0001,"train/logits/chosen":-1.1732075214385986,"train/rewards/rejected":0.017991600558161736,"train/logps/chosen":-0.5559592247009277}