{"train/learning_rate":0.0002,"train/epoch":0.2702702702702703,"train/global_step":30,"_runtime":444,"_step":2,"_timestamp":1.7522292222190561e+09,"_wandb":{"runtime":444},"train/grad_norm":0.287109375,"train/loss":1.437}