{"_wandb":{"runtime":381},"_step":3,"train/global_step":40,"train/epoch":0.36036036036036034,"_runtime":381,"train/grad_norm":0.263671875,"_timestamp":1.7520726296167567e+09,"train/learning_rate":0.0002,"train/loss":1.3514}