{"_wandb":{"runtime":2086},"total_flos":7.483841158831473e+17,"_runtime":2086,"train/grad_norm":0.2890625,"train/learning_rate":0.0002,"train/global_step":222,"_timestamp":1.7520748173260155e+09,"train_runtime":2092.7845,"_step":22,"train_loss":1.3210693662231032,"train/epoch":2,"train_samples_per_second":1.697,"train/loss":1.2737,"train_steps_per_second":0.106}