{"total_flos":0,"_runtime":88,"train/rewards/accuracies":0.699999988079071,"train/rewards/rejected":0.0014119952684268355,"train/rewards/margins":-0.00010326951451133937,"train/loss":0.6932,"train_steps_per_second":0.023,"train/global_step":2,"train/epoch":1,"train/rewards/chosen":0.0013087257975712419,"train/learning_rate":0.0001,"train/logits/chosen":-1.0874500274658203,"_wandb":{"runtime":88},"train_samples_per_second":0.227,"train/logps/rejected":-0.6766804456710815,"train/grad_norm":0.005367744714021683,"train/logps/chosen":-0.6804022192955017,"train/logits/rejected":-1.083261251449585,"_step":2,"_timestamp":1.752162348501781e+09,"train_runtime":88.2831,"train_loss":0.6931931376457214}