{"train/learning_rate":0.0001,"total_flos":0,"train/logits/chosen":-0.9727008938789368,"train_samples_per_second":0.226,"train/rewards/chosen":0,"train/grad_norm":0.0016455313889309764,"train/logps/chosen":-0.5903080701828003,"train/epoch":1,"train_runtime":44.1833,"train_steps_per_second":0.023,"train/rewards/accuracies":0,"_wandb":{"runtime":44},"train/global_step":1,"train/rewards/rejected":0,"_runtime":44,"train_loss":0.2164478302001953,"train/logits/rejected":-0.9734783172607422,"train/logps/rejected":-0.6387112736701965,"train/rewards/margins":0,"_step":1,"_timestamp":1.7521618929873195e+09,"train/loss":0.2164}