{"total_flos":1.0683916596688159e+18,"train/learning_rate":0.0002,"train/loss":1.1248,"train_samples_per_second":1.223,"train/global_step":222,"train_steps_per_second":0.076,"train/epoch":2,"train/grad_norm":0.33203125,"_timestamp":1.7522476607977219e+09,"train_loss":1.200749968623256,"_wandb":{"runtime":2919},"_runtime":2919,"train_runtime":2904.8492,"_step":22}