{"_wandb":{"runtime":205},"train/learning_rate":0.0002,"_timestamp":1.752241043663527e+09,"train/loss":1.4099,"train/grad_norm":0.1923828125,"_step":0,"train/epoch":0.09009009009009009,"train/global_step":10,"_runtime":205}