{"train/loss":1.1861,"train/learning_rate":0.0002,"_timestamp":1.7522445825465407e+09,"_step":15,"train/epoch":1.4414414414414414,"train/grad_norm":0.333984375,"train/global_step":160,"_wandb":{"runtime":2231},"_runtime":2231}