{"train/learning_rate":0.0002,"_timestamp":1.752241604132116e+09,"train/loss":1.2494,"train/grad_norm":0.2470703125,"train/global_step":20,"_runtime":325,"_step":1,"train/epoch":0.18018018018018017,"_wandb":{"runtime":325}}